{"cameraMode":{"drawMode":0,"name":"Shaded","section":"Shading Mode"},"sceneLighting":false,"audioPlay":false,"sceneViewState":{"m_AlwaysRefresh":false,"showFog":true,"showSkybox":false,"showFlares":true,"showImageEffects":true,"showParticleSystems":true,"showVisualEffectGraphs":true,"m_FxEnabled":true},"in2DMode":false,"pivot":{"x":0.13547658920288087,"y":0.12034916877746582,"z":0.049591660499572757},"rotation":{"x":-0.16275885701179505,"y":0.6629238128662109,"z":-0.15089668333530427,"w":-0.7150366306304932},"size":2.3743441104888918,"orthographic":false}