{"cameraMode":{"drawMode":0,"name":"Shaded","section":"Shading Mode"},"sceneLighting":false,"audioPlay":false,"sceneViewState":{"m_AlwaysRefresh":false,"showFog":false,"showSkybox":false,"showFlares":false,"showImageEffects":false,"showParticleSystems":false,"showVisualEffectGraphs":true,"m_FxEnabled":true},"in2DMode":false,"pivot":{"x":0.00007396936416625977,"y":0.7351607084274292,"z":0.023887664079666139},"rotation":{"x":-0.009277609176933766,"y":-0.9888560771942139,"z":0.06863193958997727,"w":-0.13218563795089723},"size":1.1800872087478638,"orthographic":false}