{"cameraMode":{"drawMode":0,"name":"Shaded","section":"Shading Mode"},"sceneLighting":false,"audioPlay":false,"sceneViewState":{"m_AlwaysRefresh":false,"showFog":false,"showSkybox":false,"showFlares":false,"showImageEffects":false,"showParticleSystems":false,"showVisualEffectGraphs":true,"m_FxEnabled":true},"in2DMode":false,"pivot":{"x":-0.0008339285850524902,"y":0.6176947355270386,"z":-0.05351996421813965},"rotation":{"x":-0.4919174909591675,"y":0.20299309492111207,"z":0.1192057877779007,"w":0.8382704257965088},"size":0.9739435911178589,"orthographic":false}