{"cameraMode":{"drawMode":0,"name":"Shaded","section":"Shading Mode"},"sceneLighting":true,"audioPlay":false,"sceneViewState":{"m_AlwaysRefresh":false,"showFog":true,"showSkybox":true,"showFlares":true,"showImageEffects":true,"showParticleSystems":true,"showVisualEffectGraphs":true,"m_FxEnabled":true},"in2DMode":false,"pivot":{"x":54.84686279296875,"y":75.15064239501953,"z":-7.384124755859375},"rotation":{"x":-0.014348750002682209,"y":-0.9832264184951782,"z":0.08872722089290619,"w":-0.15887725353240968},"size":140.23703002929688,"orthographic":false}