{"cameraMode":{"drawMode":0,"name":"Shaded","section":"Shading Mode"},"sceneLighting":true,"audioPlay":false,"sceneViewState":{"m_AlwaysRefresh":false,"showFog":true,"showSkybox":true,"showFlares":true,"showImageEffects":true,"showParticleSystems":true,"showVisualEffectGraphs":true,"m_FxEnabled":true},"in2DMode":false,"pivot":{"x":4.461291790008545,"y":5.2711262702941898,"z":52.89870834350586},"rotation":{"x":0.01799917221069336,"y":0.009906640276312828,"z":0.00017717281298246235,"w":-0.9998018741607666},"size":28.860279083251954,"orthographic":false}