{"cameraMode":{"drawMode":0,"name":"Shaded","section":"Shading Mode"},"sceneLighting":true,"audioPlay":false,"sceneViewState":{"m_AlwaysRefresh":false,"showFog":true,"showSkybox":true,"showFlares":true,"showImageEffects":true,"showParticleSystems":true,"showVisualEffectGraphs":true,"m_FxEnabled":true},"in2DMode":false,"pivot":{"x":-17.23361587524414,"y":-3.5535104274749758,"z":30.052371978759767},"rotation":{"x":0.07631494849920273,"y":-0.2882770299911499,"z":0.02307254634797573,"w":0.9542702436447144},"size":21.726680755615236,"orthographic":false}