{"cameraMode":{"drawMode":0,"name":"Shaded","section":"Shading Mode"},"sceneLighting":true,"audioPlay":false,"sceneViewState":{"m_AlwaysRefresh":false,"showFog":true,"showSkybox":true,"showFlares":true,"showImageEffects":true,"showParticleSystems":true,"showVisualEffectGraphs":true,"m_FxEnabled":true},"in2DMode":false,"pivot":{"x":535.6226806640625,"y":361.97906494140627,"z":196.73287963867188},"rotation":{"x":-0.0004421346529852599,"y":-0.994659960269928,"z":0.10331544280052185,"w":-0.0041807894594967369},"size":208.76283264160157,"orthographic":false}