{"cameraMode":{"drawMode":0,"name":"Shaded","section":"Shading Mode"},"sceneLighting":true,"audioPlay":false,"sceneViewState":{"m_AlwaysRefresh":false,"showFog":true,"showSkybox":true,"showFlares":true,"showImageEffects":true,"showParticleSystems":true,"showVisualEffectGraphs":true,"m_FxEnabled":true},"in2DMode":false,"pivot":{"x":198.94393920898438,"y":347.135009765625,"z":3.45574951171875},"rotation":{"x":-0.0005274798022583127,"y":-0.999480664730072,"z":0.026991356164216996,"w":-0.019195854663848878},"size":410.2743835449219,"orthographic":false}